id,open,ttm_lead_wk
DP19001|nhtsa_code,2019-04-08,3.0
DP19001|granite,2019-04-08,3.0
PE22002|nhtsa_code,2022-02-16,2.0
PE22002|granite,2022-02-16,2.0
PE22003|nhtsa_code,2022-02-21,
PE22003|granite,2022-02-21,
PE23010|nhtsa_code,2023-05-26,
PE23010|granite,2023-05-26,
PE23017|nhtsa_code,2023-09-28,
PE23017|granite,2023-09-28,
PE24008|nhtsa_code,2024-03-07,
PE24008|granite,2024-03-07,
PE24013|nhtsa_code,2024-05-08,4.0
PE24013|granite,2024-05-08,
PE24025|nhtsa_code,2024-09-10,2.0
PE24025|granite,2024-09-10,2.0
